0,0.0023231,0,0,0,0,0,0,0.0011616,0.0046463,0,0,0,0.0058079,0,0.0011616,0,0,0,0.0023231,0,0,0,0,0,0,0,0,0,0,0,0,0,0,0,0,0,0.0011616,0,0,0,0,0,0,0,0,0,0,0,0,0,0,0,0,0,0,0,0,0,0,0,0,0,0,0,0,0,0,0,0,0,0,0,0,0,0,0,0,0,0,0,0
0.0023231,0,0.0011616,0,0,0,0,0.0011616,0.0069694,0.02207,0,0.0034847,0,0,0.0023231,0,0,0,0,0.0046463,0.0011616,0,0,0.0011616,0,0,0,0,0.0023231,0,0.0092926,0,0.0023231,0.0034847,0.010454,0,0,0.0092926,0.0023231,0,0,0,0.016262,0,0,0.031362,0.0011616,0.0034847,0.031362,0.0023231,0,0.0011616,0,0,0,0.0034847,0,0.0011616,0.0046463,0,0.0023231,0.0011616,0,0.0023231,0,0.0011616,0,0,0,0,0,0,0,0,0,0,0.013939,0,0,0,0,0
0,0.0011616,0,0.0011616,0,0.0011616,0.0011616,0.0034847,0.0011616,0.0034847,0,0,0,0,0,0,0,0,0.0011616,0.016262,0.0034847,0,0,0.0023231,0,0,0,0,0,0,0.0046463,0,0,0.0011616,0.0023231,0,0,0.0011616,0.0069694,0,0,0,0,0,0,0,0,0,0,0,0,0.0023231,0,0,0.0011616,0,0,0.0011616,0,0,0,0,0,0,0,0,0,0,0,0,0,0,0,0,0,0,0.0011616,0,0,0,0,0
0,0,0.0011616,0,0.0011616,0.0092926,0.008131,0.0011616,0.0046463,0,0,0,0,0,0,0,0,0,0.0034847,0,0.0011616,0,0,0,0,0,0,0,0,0,0,0,0,0,0,0,0,0,0.0011616,0,0,0,0,0,0,0,0,0,0,0,0,0,0,0,0,0,0,0,0,0,0,0,0,0,0,0,0,0,0,0,0,0,0,0,0,0,0,0,0,0,0,0
0,0,0,0.0011616,0,0.0092926,0,0,0,0.0011616,0,0,0,0,0,0,0.0011616,0,0,0.0011616,0.0011616,0,0,0.0011616,0,0,0,0,0,0,0.0011616,0,0,0,0.0011616,0,0,0,0.0011616,0,0,0,0,0,0,0,0,0,0,0,0,0,0,0,0.0011616,0,0,0,0,0,0,0,0,0,0,0,0,0,0,0,0,0,0,0,0,0,0,0,0,0,0,0
0,0,0.0011616,0.0092926,0.008131,0,0,0.0011616,0.0046463,0,0,0,0,0,0,0,0,0.0011616,0.0023231,0,0.0011616,0.0023231,0,0,0,0,0,0,0,0,0,0,0,0,0,0,0,0,0.0011616,0,0,0,0,0,0,0,0,0,0,0,0,0,0,0,0,0,0,0,0,0,0,0,0,0,0,0,0,0,0,0,0,0,0,0,0,0,0,0,0,0,0,0
0,0,0.0011616,0.0092926,0,0,0,0,0,0,0,0,0,0,0,0,0,0,0,0,0.0011616,0,0,0,0,0,0,0,0,0,0,0,0,0,0,0,0,0,0,0,0,0,0,0,0,0,0,0,0,0,0,0,0,0,0,0,0,0,0,0,0,0,0,0,0,0,0,0,0,0,0,0,0,0,0,0,0,0,0,0,0,0
0,0,0.0034847,0.0011616,0,0.0011616,0,0,0.0046463,0.03717,0,0,0.0023231,0,0,0,0,0,0.0011616,0.0023231,0.0023231,0,0,0.0023231,0,0,0,0,0,0,0.0092926,0,0,0.0011616,0.0011616,0,0,0.0069694,0.0023231,0,0.0011616,0,0,0,0,0,0,0,0,0,0,0.0034847,0,0.0011616,0.0023231,0,0,0.0011616,0,0,0,0,0,0,0,0,0,0,0,0,0,0,0,0,0,0,0,0,0,0,0,0
0.0011616,0.008131,0.0011616,0.0046463,0,0.0034847,0,0.0046463,0,0.017424,0.0023231,0.0034847,0,0.0034847,0.0069694,0.008131,0,0.010454,0,0.06621,0.025555,0,0,0.0023231,0,0.0046463,0.0023231,0.0058079,0.023231,0.0034847,0.051109,0.0034847,0.0023231,0.0023231,0.020908,0,0.0046463,0.0069694,0.0092926,0,0.0023231,0.0011616,0,0,0,0,0,0,0,0,0,0,0,0,0.0011616,0,0,0.0011616,0,0,0,0,0,0,0,0,0,0,0,0,0.0023231,0,0,0,0,0,0.0023231,0.0023231,0.0058079,0,0,0
0.0046463,0.02207,0.0034847,0,0.0011616,0,0,0.03717,0.017424,0,0.0023231,0.02207,0.010454,0.030201,0.051109,0.033686,0.0069694,0,0,0.4112,0.023231,0,0,0.020908,0.0023231,0.012777,0.0092926,0.06621,0.20444,0.012777,0.25671,0.0046463,0.013939,0.077825,0.074341,0.0046463,0.017424,0.048786,0.14868,0.0023231,0.029039,0,0.008131,0,0,0.0046463,0,0,0.0046463,0,0.0011616,0.011616,0.0058079,0.0023231,0.0034847,0,0.0058079,0.010454,0.0046463,0.0011616,0.0092926,0,0,0.0023231,0,0,0,0.0046463,0,0.0034847,0.013939,0.0046463,0.0011616,0.0011616,0,0,0.02207,0.016262,0.008131,0,0,0
0,0,0,0,0,0,0,0,0.0023231,0.0023231,0,0,0,0.0069694,0.0011616,0.0046463,0,0,0,0.0011616,0,0,0,0,0,0,0,0.0011616,0.0011616,0,0.0011616,0,0,0,0,0,0,0,0.0011616,0,0,0,0,0,0,0,0,0,0,0,0,0,0,0,0,0,0,0,0,0,0,0,0,0,0,0,0,0,0,0,0.0011616,0,0,0,0,0,0,0.0011616,0.0034847,0,0,0
0,0.0034847,0,0,0,0,0,0,0.0034847,0.02207,0,0,0.0011616,0.0034847,0.017424,0.0023231,0,0,0,0.061563,0.0011616,0,0,0,0,0.0011616,0,0.0034847,0.0034847,0.0023231,0.018585,0,0,0.0011616,0.013939,0,0.0023231,0.0034847,0.0023231,0.0011616,0,0.0011616,0,0,0,0,0,0,0,0,0,0,0,0,0,0,0,0,0,0,0,0,0,0,0,0,0,0,0,0,0,0,0,0,0,0,0,0.0011616,0.0046463,0,0,0
0,0,0,0,0,0,0,0.0011616,0,0.010454,0,0.0011616,0,0,0,0.0011616,0,0,0,0.013939,0.0023231,0,0,0,0,0.0011616,0,0.0011616,0.0046463,0,0.0092926,0,0,0.0023231,0.008131,0,0,0.0023231,0.0034847,0,0,0,0,0,0,0,0,0,0,0,0,0,0,0,0,0,0,0,0,0,0,0,0,0,0,0,0,0,0,0,0,0,0,0,0,0,0,0,0,0,0,0
0.0069694,0,0,0,0,0,0,0,0.0034847,0.030201,0.0069694,0.0034847,0,0,0.036009,0.0151,0,0,0,0.060402,0.0011616,0,0,0,0,0.0011616,0.0011616,0.010454,0.012777,0.0011616,0.016262,0,0,0.0023231,0.0034847,0,0.0011616,0.0034847,0.008131,0,0.0023231,0.0011616,0,0,0,0,0,0,0,0,0,0,0,0,0,0.0011616,0,0.0011616,0,0,0,0,0,0,0,0,0,0,0,0,0.0011616,0,0,0,0,0,0,0.011616,0.0092926,0,0,0
0,0.0023231,0,0,0,0,0,0,0.0069694,0.051109,0.0011616,0.017424,0,0.036009,0,0.0151,0,0,0,0.025555,0,0,0,0,0,0.0023231,0.0023231,0.0034847,0.008131,0.0023231,0.033686,0.0023231,0.0046463,0.0046463,0.0023231,0,0.0023231,0.008131,0.0023231,0,0.0023231,0,0,0,0,0,0,0,0,0,0,0,0,0,0,0,0,0.0011616,0,0,0,0,0,0,0,0,0,0,0,0,0.0069694,0.0023231,0,0,0,0,0.0023231,0.0023231,0.0011616,0.0011616,0,0
0.0011616,0,0,0,0,0,0,0,0.0069694,0.033686,0.0046463,0.0023231,0.0011616,0.0151,0.0151,0,0,0,0,0.039493,0.0011616,0,0,0,0,0,0.0023231,0.010454,0.011616,0.0046463,0.02207,0,0.0011616,0.0046463,0.0034847,0.0034847,0,0.0069694,0.0069694,0,0.0069694,0,0,0,0,0,0,0,0,0,0,0,0.0034847,0,0,0,0.008131,0.0011616,0,0,0,0,0,0,0,0,0,0,0,0,0,0.0011616,0,0,0,0,0.0023231,0.0046463,0.0023231,0,0,0
0,0,0,0,0.0011616,0,0,0,0,0.0069694,0,0,0,0,0,0,0,0,0,0,0,0,0,0.0023231,0,0,0,0,0,0,0,0,0.0011616,0,0,0,0,0.0023231,0.0011616,0,0,0,0,0,0,0,0,0,0,0,0,0.0011616,0,0,0,0,0,0.0023231,0,0,0.0023231,0,0,0,0,0,0,0,0,0,0,0,0,0,0,0,0,0,0,0,0,0
0,0,0,0,0,0.0011616,0,0,0.010454,0,0,0,0,0,0,0,0,0,0,0,0.0023231,0,0,0,0,0,0,0,0,0,0,0,0,0,0,0,0,0,0.0011616,0,0,0,0,0,0,0,0,0,0,0,0,0,0,0,0,0,0,0,0,0,0,0,0,0,0,0,0,0,0,0,0,0,0,0,0,0,0,0,0,0,0,0
0,0,0.0011616,0.0034847,0,0.0034847,0,0.0011616,0,0,0,0,0,0,0,0,0,0,0,0,0.0011616,0.0023231,0,0,0,0,0,0,0,0,0,0,0,0,0.0011616,0,0,0,0,0,0,0,0,0,0,0,0,0,0,0,0,0,0,0,0,0,0,0,0,0,0,0,0,0,0,0,0,0,0,0,0,0,0,0,0,0,0,0,0,0,0,0
0.0023231,0.0046463,0.016262,0,0.0011616,0,0,0.0034847,0.069694,0.41004,0.0011616,0.061563,0.013939,0.060402,0.025555,0.039493,0,0,0,0,0.045301,0,0,0.0023231,0,0.0092926,0,0.0058079,0.008131,0.0058079,0.13939,0,0.0069694,0.046463,0.049948,0,0.019747,0.048786,0.008131,0,0,0.0034847,0.0058079,0.0011616,0,0.0092926,0.0011616,0.0011616,0.0034847,0,0,0.0023231,0,0,0,0.0023231,0,0.0058079,0.0011616,0.0046463,0.0092926,0.0023231,0.0046463,0.0058079,0.0023231,0.0034847,0.0011616,0,0,0,0.012777,0.0011616,0,0,0,0,0.0023231,0.0034847,0.0046463,0,0,0
0,0.0011616,0.0034847,0.0011616,0,0.0011616,0.0011616,0.0023231,0.024393,0.024393,0,0.0011616,0.0023231,0.0011616,0,0.0011616,0,0.0023231,0.0011616,0.045301,0,0.0011616,0,0.0023231,0,0,0,0,0,0,0.019747,0,0,0,0.0046463,0,0,0.0058079,0.0034847,0,0,0,0,0,0,0,0,0,0,0,0,0.0046463,0,0,0.0011616,0,0,0.0011616,0,0,0.0011616,0,0,0,0,0,0,0,0,0,0,0,0,0,0,0,0,0,0,0,0,0.0011616
0,0,0,0,0,0.0023231,0,0,0,0,0,0,0,0,0,0,0,0,0.0023231,0,0.0011616,0,0,0,0,0,0,0,0,0,0,0,0,0,0,0,0,0,0,0,0,0,0,0,0,0,0,0,0,0,0,0,0,0,0,0,0,0,0,0,0,0,0,0,0,0,0,0,0,0,0,0,0,0,0,0,0,0,0,0,0,0.0023231
0,0,0,0,0,0,0,0,0,0,0,0,0,0,0,0,0,0,0,0,0,0,0,0,0,0,0,0,0,0,0,0,0,0,0,0,0,0,0,0,0,0,0,0,0,0,0,0,0,0,0,0,0,0,0,0,0,0,0,0,0,0,0,0,0,0,0,0,0,0,0,0,0,0,0,0,0,0,0,0,0.0046463,0
0,0.0011616,0.0023231,0,0.0011616,0,0,0.0023231,0.0023231,0.020908,0,0,0,0,0,0,0.0023231,0,0,0.0023231,0.0023231,0,0,0,0,0,0.0023231,0,0.0046463,0.0011616,0.0058079,0,0.0011616,0.0069694,0,0,0,0.011616,0.0092926,0,0,0,0,0,0,0,0,0,0,0,0.0023231,0.06621,0,0.018585,0.0034847,0,0.0023231,0.0046463,0,0,0,0,0,0,0,0,0,0,0,0,0,0,0,0,0,0.0011616,0.0046463,0,0,0,0,0
0,0,0,0,0,0,0,0,0,0.0023231,0,0,0,0,0,0,0,0,0,0,0,0,0,0,0,0,0,0,0.0023231,0,0.031362,0.0011616,0,0.0011616,0,0,0,0,0.0023231,0,0,0,0,0,0,0,0,0,0,0,0,0,0,0,0,0,0,0,0,0,0,0,0,0,0,0,0,0,0,0,0,0,0,0,0,0,0,0,0,0,0,0
0,0,0,0,0,0,0,0,0.0046463,0.012777,0,0.0011616,0.0011616,0.0011616,0.0023231,0,0,0,0,0.0092926,0,0,0,0,0,0,0.0046463,0,0.0046463,0,0.008131,0,0.0023231,0.0034847,0,0,0.0034847,0.0011616,0.0011616,0,0.0023231,0,0,0,0,0,0,0,0,0,0,0,0,0,0,0,0,0,0,0,0,0,0,0,0,0,0,0,0,0,0,0,0,0,0,0,0,0,0,0,0,0
0,0,0,0,0,0,0,0,0.0023231,0.0092926,0,0,0,0.0011616,0.0023231,0.0023231,0,0,0,0,0,0,0,0.0023231,0,0.0046463,0,0,0.013939,0.0011616,0.0011616,0,0.0034847,0.0034847,0,0,0.0034847,0.0034847,0.016262,0.0011616,0.0023231,0,0,0,0,0,0,0,0,0,0.0011616,0,0,0,0.0023231,0,0,0.0011616,0,0,0,0,0,0,0,0,0,0,0,0,0.0058079,0.0011616,0,0,0,0,0,0.0011616,0.0011616,0,0,0
0,0,0,0,0,0,0,0,0.0058079,0.063887,0.0011616,0.0034847,0.0011616,0.010454,0.0034847,0.010454,0,0,0,0.0058079,0,0,0,0,0,0,0,0,0.0023231,0.0011616,0.0058079,0,0,0.0069694,0,0.0011616,0,0.0092926,0.0023231,0,0.0023231,0,0,0,0,0,0,0,0,0,0,0,0,0,0,0,0,0,0,0,0,0,0,0,0,0,0,0,0,0,0,0,0,0,0,0,0,0,0,0,0,0
0,0.0023231,0,0,0,0,0,0,0.020908,0.19282,0.0011616,0.0034847,0.0046463,0.012777,0.008131,0.011616,0,0,0,0.008131,0,0,0,0.0046463,0.0023231,0.0046463,0.012777,0.0023231,0,0.0023231,0.027878,0,0.0034847,0.041817,0,0,0.0046463,0.010454,0.0069694,0.0011616,0.0046463,0,0,0,0,0,0,0,0,0,0,0,0,0,0.0011616,0,0,0.0023231,0,0,0,0,0,0,0,0,0,0,0,0,0.0058079,0,0,0,0,0,0,0.0023231,0.0046463,0.0011616,0,0
0,0,0,0,0,0,0,0,0.0034847,0.013939,0,0.0023231,0,0.0011616,0.0023231,0.0046463,0,0,0,0.0058079,0,0,0,0.0011616,0,0,0.0011616,0.0011616,0.0023231,0,0.012777,0,0.0023231,0.0011616,0.0011616,0,0.0011616,0.0023231,0.0023231,0,0.0023231,0,0,0,0,0,0,0,0,0,0,0,0,0,0,0,0,0.0011616,0,0,0,0,0,0,0,0,0,0,0,0.0011616,0.0011616,0.0011616,0,0,0,0,0,0.0011616,0,0,0,0
0,0.0092926,0.0046463,0,0,0,0,0.0092926,0.052271,0.25671,0.0011616,0.018585,0.008131,0.016262,0.033686,0.02207,0,0,0,0.13939,0.019747,0,0,0.0069694,0.031362,0.008131,0.0011616,0.0058079,0.029039,0.012777,0,0,0.010454,0.032524,0.023231,0.0011616,0.039493,0.04414,0.013939,0.013939,0.0069694,0.0046463,0.0034847,0,0,0.0011616,0,0,0.0034847,0,0,0.0092926,0.0034847,0.0023231,0.0046463,0.0011616,0,0.0046463,0.0023231,0.0023231,0.0046463,0,0,0,0,0,0,0,0,0.0046463,0.011616,0.0023231,0,0.0023231,0.0011616,0,0.0058079,0.010454,0.008131,0.0011616,0,0
0,0,0,0,0,0,0,0,0.0034847,0.0046463,0,0,0,0,0.0023231,0,0,0,0,0,0,0,0,0,0.0011616,0,0,0,0,0,0,0,0,0.0023231,0,0.0011616,0,0.0023231,0.0023231,0,0.0023231,0,0,0,0,0,0,0,0,0,0,0,0,0,0,0,0,0,0,0,0,0,0,0,0,0,0,0,0,0,0,0,0,0,0,0,0,0,0,0,0,0
0,0.0034847,0,0,0,0,0,0,0.0023231,0.013939,0,0,0,0,0.0046463,0.0011616,0.0011616,0,0,0.0069694,0,0,0,0.0011616,0,0.0023231,0.0034847,0,0.0034847,0.0023231,0.010454,0,0,0.0034847,0,0,0.0058079,0.0058079,0.0034847,0,0.0011616,0,0,0,0,0,0,0,0,0,0,0,0,0,0,0,0,0,0.0011616,0,0,0,0,0,0,0,0,0,0,0.0011616,0.008131,0.0011616,0,0.0011616,0,0,0.0023231,0.0011616,0.0011616,0,0,0
0,0.0034847,0.0011616,0,0,0,0,0.0011616,0.0023231,0.077825,0,0.0011616,0.0023231,0.0023231,0.0046463,0.0046463,0,0,0,0.046463,0,0,0,0.0069694,0.0011616,0.0034847,0.0034847,0.0069694,0.041817,0.0011616,0.032524,0.0023231,0.0034847,0,0.0069694,0.0011616,0.0092926,0.013939,0.02207,0.0011616,0.0034847,0.0011616,0,0,0,0,0,0,0,0,0,0,0.0023231,0,0,0,0.0011616,0.0011616,0,0,0,0,0,0,0,0,0,0.0023231,0,0.0023231,0.011616,0.0023231,0,0,0,0,0.0023231,0.0023231,0.0011616,0.0034847,0,0
0,0.0092926,0.0023231,0,0.0011616,0,0,0.0011616,0.020908,0.072018,0,0.013939,0.008131,0.0034847,0.0023231,0.0046463,0,0,0.0011616,0.049948,0.0046463,0,0,0,0,0,0,0,0,0.0011616,0.020908,0,0,0.0069694,0,0,0.0011616,0.019747,0.0023231,0.0011616,0,0,0,0,0,0,0,0,0,0,0,0,0,0,0,0,0,0,0,0,0.013939,0,0,0,0,0,0,0,0,0,0.0023231,0,0,0,0,0,0,0,0,0,0,0
0,0,0,0,0,0,0,0,0,0.0046463,0,0,0,0,0,0.0034847,0,0,0,0,0,0,0,0,0,0,0,0.0011616,0,0,0.0011616,0.0011616,0,0.0011616,0,0,0,0.0011616,0.0046463,0,0.0034847,0,0,0,0,0,0,0,0,0,0,0,0,0,0,0,0,0,0,0,0,0,0,0,0,0,0,0,0,0,0,0,0,0,0,0,0,0,0,0,0,0
0,0,0,0,0,0,0,0,0.0046463,0.018585,0,0.0023231,0,0.0011616,0.0023231,0,0,0,0,0.019747,0,0,0,0,0,0.0034847,0.0034847,0,0.0046463,0.0011616,0.039493,0,0.0058079,0.0092926,0.0011616,0,0,0.0034847,0.0046463,0.0034847,0.0023231,0,0,0,0,0,0,0,0,0,0,0,0,0,0.0023231,0,0,0.0011616,0,0,0,0,0,0,0,0,0,0,0,0,0,0,0,0,0,0,0,0,0,0,0,0
0.0011616,0.0092926,0.0011616,0,0,0,0,0.0069694,0.0069694,0.048786,0,0.0034847,0.0023231,0.0034847,0.008131,0.0069694,0.0023231,0,0,0.048786,0.0058079,0,0,0.011616,0,0.0011616,0.0034847,0.0092926,0.010454,0.0023231,0.04414,0.0023231,0.0058079,0.012777,0.024393,0.0011616,0.0034847,0,0.012777,0,0.010454,0,0.0011616,0,0,0,0,0,0.0011616,0,0,0.0023231,0,0,0.0011616,0,0,0.0034847,0.0011616,0,0.0011616,0,0,0,0,0,0,0,0,0,0.0034847,0.0011616,0,0,0,0,0.0034847,0.0011616,0,0,0,0
0,0.0023231,0.0069694,0,0.0011616,0,0.0011616,0.0023231,0.0092926,0.14868,0.0011616,0.0023231,0.0034847,0.008131,0.0023231,0.0069694,0.0011616,0.0023231,0,0.008131,0.0034847,0,0,0.0092926,0.0023231,0.0011616,0.016262,0.0023231,0.0069694,0.0023231,0.013939,0.0023231,0.0034847,0.02207,0.0023231,0.0046463,0.0046463,0.012777,0,0.0023231,0.0069694,0,0,0,0,0,0,0,0,0,0.0023231,0.020908,0.016262,0.0069694,0.0034847,0.0034847,0.018585,0.0046463,0.0034847,0,0.0011616,0,0,0,0,0,0,0.008131,0.0058079,0.008131,0.023231,0.0023231,0.0034847,0.0023231,0.0011616,0,0.008131,0.0023231,0.0011616,0,0.0011616,0
0,0,0,0,0,0,0,0,0,0.0023231,0,0.0011616,0,0,0,0,0,0,0,0,0,0,0,0,0,0,0.0011616,0,0.0011616,0,0.013939,0,0,0.0011616,0.0011616,0,0.0034847,0,0.0023231,0,0,0,0,0,0,0,0,0,0,0,0,0,0,0,0,0,0,0,0,0,0,0,0,0,0,0,0,0,0,0,0.0011616,0,0,0,0,0,0,0.0011616,0,0,0,0
0,0,0,0,0,0,0,0.0011616,0.0023231,0.029039,0,0,0,0.0023231,0.0023231,0.0069694,0,0,0,0,0,0,0,0,0,0.0023231,0.0023231,0.0023231,0.0046463,0.0023231,0.0069694,0.0023231,0.0011616,0.0034847,0,0.0034847,0.0023231,0.010454,0.0069694,0,0,0,0,0,0,0,0,0,0,0,0,0,0,0,0,0,0,0,0,0,0,0,0,0,0,0,0,0,0,0,0,0,0,0,0,0,0,0,0,0,0,0
0,0,0,0,0,0,0,0,0.0011616,0,0,0.0011616,0,0.0011616,0,0,0,0,0,0.0034847,0,0,0,0,0,0,0,0,0,0,0.0046463,0,0,0.0011616,0,0,0,0,0,0,0,0,0,0,0,0,0,0,0,0,0,0,0,0,0,0,0,0,0,0,0,0,0,0,0,0,0,0,0,0,0,0,0,0,0,0,0,0,0,0,0,0
0,0.019747,0,0,0,0,0,0,0,0.008131,0,0,0,0,0,0,0,0,0,0.0058079,0,0,0,0,0,0,0,0,0,0,0.0034847,0,0,0,0,0,0,0.0011616,0,0,0,0,0,0,0,0,0.0046463,0.0011616,0.0023231,0,0,0,0,0,0,0,0,0,0,0.0011616,0.0046463,0.0011616,0,0.0034847,0,0.0023231,0,0,0,0,0,0,0,0,0,0,0,0,0,0,0,0
0,0,0,0,0,0,0,0,0,0,0,0,0,0,0,0,0,0,0,0,0,0,0,0,0,0,0,0,0,0,0,0,0,0,0,0,0,0,0,0,0,0,0,0,0.0092926,0.0034847,0.0011616,0.0023231,0,0,0,0,0,0,0,0,0,0,0,0,0,0,0,0.0011616,0,0,0,0,0,0,0,0,0,0,0,0,0,0,0,0,0,0
0,0,0,0,0,0,0,0,0,0,0,0,0,0,0,0,0,0,0,0,0,0,0,0,0,0,0,0,0,0,0,0,0,0,0,0,0,0,0,0,0,0,0,0.011616,0,0.0011616,0.0023231,0.0058079,0,0,0,0,0,0,0,0,0,0,0,0,0,0,0,0,0,0,0,0,0,0,0,0,0,0,0,0,0,0,0,0,0,0
0,0.034847,0,0,0,0,0,0,0,0.0046463,0,0,0,0,0,0,0,0,0,0.0092926,0,0,0,0,0,0,0,0,0,0,0.0034847,0,0,0,0,0,0,0,0,0,0,0,0,0.0034847,0.0011616,0,0.0092926,0.0034847,0.0058079,0,0,0,0,0,0,0,0,0,0,0.0023231,0.0023231,0.0034847,0.0011616,0.0069694,0,0.0046463,0,0,0,0,0,0,0,0,0,0,0.0011616,0,0,0,0,0
0,0.0011616,0,0,0,0,0,0,0,0,0,0,0,0,0,0,0,0,0,0.0011616,0,0,0,0,0,0,0,0,0,0,0,0,0,0,0,0,0,0,0,0,0,0,0.0046463,0.0011616,0.0023231,0.0092926,0,0.008131,0.0023231,0,0,0,0,0,0,0,0,0,0,0.0023231,0.008131,0.0011616,0.0034847,0.011616,0.0011616,0.0023231,0.0011616,0,0,0,0,0,0,0,0,0,0,0,0,0,0,0
0,0.0034847,0,0,0,0,0,0,0,0,0,0,0,0,0,0,0,0,0,0.0011616,0,0,0,0,0,0,0,0,0,0,0,0,0,0,0,0,0,0,0,0,0,0,0.0011616,0.0046463,0.0058079,0.0034847,0.008131,0,0,0,0,0,0,0,0,0,0,0,0,0,0,0,0,0.0011616,0,0.0011616,0,0,0,0,0,0,0,0,0,0,0,0,0,0,0,0
0,0.033686,0,0,0,0,0,0,0,0.0046463,0,0,0,0,0,0,0,0,0,0.0023231,0,0,0,0,0,0,0,0,0,0,0.0058079,0,0,0,0,0,0,0.0011616,0,0,0,0,0.0023231,0,0,0.0092926,0.0023231,0,0,0,0,0,0,0,0,0,0,0,0,0.0011616,0,0,0.0011616,0.0034847,0,0.0023231,0,0,0,0,0,0,0,0,0,0,0,0,0,0,0,0
0,0,0,0,0,0,0,0,0,0,0,0,0,0,0,0,0,0,0,0,0,0,0,0,0,0,0,0,0,0,0,0,0,0,0,0,0,0,0,0,0,0,0,0,0,0,0,0,0,0,0,0,0,0,0,0,0,0,0.0011616,0,0,0.0023231,0,0,0,0,0,0,0,0,0,0,0,0,0,0,0.0034847,0,0,0,0,0
0,0,0,0,0,0,0,0,0,0.0011616,0,0,0,0,0,0,0,0,0,0,0,0,0,0.0023231,0,0,0.0011616,0,0,0,0,0,0,0,0,0,0,0,0.0023231,0,0,0,0,0,0,0,0,0,0,0,0,0.0092926,0.0034847,0.0046463,0.0011616,0.0069694,0.0023231,0.011616,0,0,0,0,0,0,0,0,0,0,0,0,0,0,0,0,0,0,0,0,0,0,0,0
0,0.0011616,0.0023231,0,0,0,0,0.0034847,0,0.011616,0,0,0,0,0,0,0.0011616,0,0,0.0023231,0.0046463,0,0,0.062725,0,0,0,0,0,0,0.0092926,0,0,0,0,0,0,0.0023231,0.023231,0,0,0,0,0,0,0,0,0,0,0,0.0092926,0,0.013939,0.019747,0.0058079,0.046463,0,0.010454,0.0011616,0,0,0,0,0,0,0,0,0,0,0,0,0,0,0,0.008131,0.0069694,0.0023231,0,0,0,0,0
0,0,0,0,0,0,0,0,0,0.0058079,0,0,0,0,0,0.0034847,0,0,0,0,0,0,0,0,0,0,0,0,0,0,0.0034847,0,0,0.0023231,0,0,0,0,0.016262,0,0,0,0,0,0,0,0,0,0,0,0.0034847,0.013939,0,0.012777,0.0023231,0.0034847,0.0046463,0.0058079,0,0,0,0,0,0,0,0,0,0.0011616,0,0.0034847,0,0.0011616,0.0034847,0.0011616,0,0,0.0046463,0,0,0.0011616,0,0
0,0,0,0,0,0,0,0.0011616,0,0.0023231,0,0,0,0,0,0,0,0,0,0,0,0,0,0.018585,0,0,0,0,0,0,0.0023231,0,0,0,0,0,0,0,0.0069694,0,0,0,0,0,0,0,0,0,0,0,0.0046463,0.020908,0.012777,0,0.0034847,0.0069694,0.0023231,0.0034847,0,0,0,0,0,0,0,0,0,0,0,0,0,0,0,0,0.0034847,0,0,0,0,0,0,0
0,0,0.0011616,0,0.0011616,0,0,0.0023231,0.0011616,0.0034847,0,0,0,0,0,0,0,0,0,0,0.0011616,0,0,0.0034847,0,0,0.0023231,0,0.0011616,0,0.0046463,0,0,0,0,0,0.0023231,0.0011616,0.0034847,0,0,0,0,0,0,0,0,0,0,0,0.0011616,0.008131,0.0023231,0.0034847,0,0,0.0058079,0.0023231,0,0,0,0,0,0,0,0,0,0,0,0,0,0.0011616,0,0,0,0,0,0,0,0.0011616,0,0
0,0.0034847,0,0,0,0,0,0,0,0,0,0,0,0.0011616,0,0,0,0,0,0.0023231,0,0,0,0,0,0,0,0,0,0,0.0023231,0,0,0,0,0,0,0,0.0034847,0,0,0,0,0,0,0,0,0,0,0,0.0069694,0.045301,0.0034847,0.0069694,0,0,0,0.0069694,0,0,0,0,0,0,0,0,0,0,0,0,0,0,0,0,0.0011616,0,0.0046463,0,0,0,0,0
0,0,0,0,0,0,0,0,0,0.0058079,0,0,0,0,0,0.008131,0,0,0,0,0,0,0,0.0023231,0,0,0,0,0,0,0,0,0,0.0011616,0,0,0,0,0.018585,0,0,0,0,0,0,0,0,0,0,0,0.0023231,0,0.0046463,0.0023231,0.0058079,0,0,0.0058079,0,0,0,0,0,0,0,0,0,0,0,0,0,0,0,0,0,0,0,0,0,0,0,0
0,0.0011616,0.0011616,0,0,0,0,0.0011616,0.0011616,0.010454,0,0,0,0.0011616,0.0011616,0.0011616,0.0011616,0,0,0.0069694,0.0011616,0,0,0.0046463,0,0,0.0011616,0,0.0023231,0.0011616,0.0046463,0,0,0.0011616,0,0,0.0011616,0.0034847,0.0046463,0,0,0,0,0,0,0,0,0,0,0,0.013939,0.010454,0.0058079,0.0023231,0.0023231,0.0058079,0.0058079,0,0.0023231,0,0.0011616,0,0,0,0,0,0,0,0,0.0023231,0,0,0,0,0.0011616,0.0011616,0.0069694,0,0,0,0,0
0,0.0046463,0,0,0,0,0,0,0,0.0046463,0,0,0,0,0,0,0,0,0,0.0011616,0,0,0,0,0,0,0,0,0,0,0.0023231,0,0.0011616,0.0011616,0,0,0,0,0.0034847,0,0,0,0,0,0,0,0,0,0,0.0011616,0,0.0011616,0,0,0,0,0,0.0023231,0,0,0,0,0,0,0,0,0,0.0023231,0,0,0,0,0,0.0034847,0,0.0069694,0.1754,0,0,0,0,0
0,0,0,0,0,0,0,0,0,0.0011616,0,0,0,0,0,0,0,0,0,0.0046463,0,0,0,0,0,0,0,0,0,0,0.0023231,0,0,0,0,0,0,0,0,0,0,0,0.0011616,0,0,0.0023231,0.0023231,0,0.0011616,0,0,0,0,0,0,0,0,0,0,0,0.032524,0.010454,0.0011616,0.0023231,0.0023231,0.0046463,0.010454,0,0,0,0,0,0,0,0,0,0,0,0,0,0,0
0,0.0023231,0,0,0,0,0,0,0,0.0092926,0,0,0,0,0,0,0.0023231,0,0,0.0092926,0.0011616,0,0,0,0,0,0,0,0,0,0.0046463,0,0,0,0.013939,0,0,0.0011616,0.0011616,0,0,0,0.0046463,0,0,0.0023231,0.008131,0,0,0,0,0,0,0,0,0,0,0.0011616,0,0.033686,0,0.0069694,0.0011616,0.0046463,0.0034847,0.011616,0.010454,0,0,0,0,0,0,0,0,0,0,0,0,0,0,0
0,0.0011616,0,0,0,0,0,0,0,0,0,0,0,0,0,0,0,0,0,0.0023231,0,0,0,0,0,0,0,0,0,0,0,0,0,0,0,0,0,0,0,0,0,0,0.0011616,0,0,0.0034847,0.0011616,0,0,0.0023231,0,0,0,0,0,0,0,0,0,0.011616,0.0069694,0,0.0023231,0.0023231,0.0034847,0.008131,0.0023231,0,0,0,0,0,0,0,0,0,0,0,0,0,0,0
0,0,0,0,0,0,0,0,0,0,0,0,0,0,0,0,0,0,0,0.0046463,0,0,0,0,0,0,0,0,0,0,0,0,0,0,0,0,0,0,0,0,0,0,0,0,0,0.0011616,0.0034847,0,0.0011616,0,0,0,0,0,0,0,0,0,0,0.0011616,0.0011616,0.0011616,0,0.012777,0,0.0058079,0,0,0,0,0,0,0,0,0,0,0,0,0,0,0,0
0,0.0023231,0,0,0,0,0,0,0,0.0023231,0,0,0,0,0,0,0,0,0,0.0058079,0,0,0,0,0,0,0,0,0,0,0,0,0,0,0,0,0,0,0,0,0,0,0.0034847,0.0011616,0,0.0069694,0.011616,0.0011616,0.0034847,0,0,0,0,0,0,0,0,0,0,0.0023231,0.0046463,0.0023231,0.012777,0,0.0011616,0.0046463,0,0,0,0,0,0,0,0,0,0,0,0,0,0,0,0
0,0,0,0,0,0,0,0,0,0,0,0,0,0,0,0,0,0,0,0.0023231,0,0,0,0,0,0,0,0,0,0,0,0,0,0,0,0,0,0,0,0,0,0,0,0,0,0,0.0011616,0,0,0,0,0,0,0,0,0,0,0,0,0.0023231,0.0023231,0.0034847,0,0.0011616,0,0.0092926,0,0,0,0,0,0,0,0,0,0,0,0,0,0,0,0
0,0.0011616,0,0,0,0,0,0,0,0,0,0,0,0,0,0,0,0,0,0.0034847,0,0,0,0,0,0,0,0,0,0,0,0,0,0,0,0,0,0,0,0,0,0,0.0023231,0,0,0.0046463,0.0023231,0.0011616,0.0023231,0,0,0,0,0,0,0,0,0,0,0.0046463,0.011616,0.008131,0.0069694,0.0046463,0.0092926,0,0.0011616,0,0,0,0,0,0,0,0,0,0,0,0,0,0,0
0,0,0,0,0,0,0,0,0,0,0,0,0,0,0,0,0,0,0,0.0011616,0,0,0,0,0,0,0,0,0,0,0,0,0,0,0,0,0,0,0,0,0,0,0,0,0,0,0.0011616,0,0,0,0,0,0,0,0,0,0,0,0,0.010454,0.010454,0.0023231,0,0,0,0.0011616,0,0,0,0,0,0,0,0,0,0,0,0,0,0,0,0
0,0,0,0,0,0,0,0,0,0.0046463,0,0,0,0,0,0,0,0,0,0,0,0,0,0,0,0,0,0,0,0,0,0,0,0.0023231,0,0,0,0,0.008131,0,0,0,0,0,0,0,0,0,0,0,0,0,0.0011616,0,0,0,0,0,0.0023231,0,0,0,0,0,0,0,0,0,0.0034847,0.0046463,0.0046463,0.0011616,0.0034847,0.0046463,0,0,0.008131,0,0,0.0011616,0,0
0,0,0,0,0,0,0,0,0,0,0,0,0,0,0,0,0,0,0,0,0,0,0,0,0,0,0,0,0,0,0,0,0,0,0,0,0,0,0.0058079,0,0,0,0,0,0,0,0,0,0,0,0,0,0,0,0,0,0,0,0,0,0,0,0,0,0,0,0,0.0034847,0,0,0,0,0.0023231,0.0023231,0,0,0.0058079,0,0,0,0,0
0,0,0,0,0,0,0,0,0,0.0034847,0,0,0,0,0,0,0,0,0,0,0,0,0,0,0,0,0,0,0,0.0011616,0.0046463,0,0.0011616,0.0023231,0,0,0,0,0.0069694,0,0,0,0,0,0,0,0,0,0,0,0,0,0.0034847,0,0,0,0,0.0023231,0,0,0,0,0,0,0,0,0,0.0046463,0,0,0.0034847,0.0011616,0,0.0011616,0,0,0.0023231,0.0023231,0,0,0,0
0,0,0,0,0,0,0,0,0.0023231,0.013939,0.0011616,0,0,0.0011616,0.0069694,0,0,0,0,0.012777,0,0,0,0,0,0,0.0069694,0,0.0058079,0.0011616,0.011616,0,0.008131,0.011616,0.0023231,0,0,0.0034847,0.023231,0.0011616,0,0,0,0,0,0,0,0,0,0,0,0,0,0,0,0,0,0,0,0,0,0,0,0,0,0,0,0.0046463,0,0.0034847,0,0.0023231,0,0.0011616,0,0,0,0.0023231,0.0023231,0.0023231,0,0
0,0,0,0,0,0,0,0,0,0.0046463,0,0,0,0,0.0023231,0.0011616,0,0,0,0.0011616,0,0,0,0,0,0,0.0011616,0,0,0.0011616,0.0023231,0,0.0011616,0.0023231,0,0,0,0.0011616,0.0023231,0,0,0,0,0,0,0,0,0,0,0,0,0,0.0011616,0,0.0011616,0,0,0,0,0,0,0,0,0,0,0,0,0.0011616,0,0.0011616,0.0023231,0,0,0,0,0,0,0.0023231,0.0011616,0.0011616,0,0
0,0,0,0,0,0,0,0,0,0.0011616,0,0,0,0,0,0,0,0,0,0,0,0,0,0,0,0,0,0,0,0,0,0,0,0,0,0,0,0,0.0034847,0,0,0,0,0,0,0,0,0,0,0,0,0,0.0034847,0,0,0,0,0,0,0,0,0,0,0,0,0,0,0.0069694,0.0023231,0,0,0,0,0,0,0,0.0046463,0,0,0,0,0
0,0,0,0,0,0,0,0,0,0.0011616,0,0,0,0,0,0,0,0,0,0,0,0,0,0,0,0,0,0,0,0,0.0023231,0,0.0011616,0,0,0,0,0,0.0023231,0,0,0,0,0,0,0,0,0,0,0,0,0,0.0011616,0,0,0,0,0,0.0034847,0,0,0,0,0,0,0,0,0.0046463,0.0023231,0.0011616,0.0011616,0,0,0,0,0,0.0046463,0.0023231,0,0,0,0
0,0,0,0,0,0,0,0,0,0,0,0,0,0,0,0,0,0,0,0,0,0,0,0,0,0,0,0,0,0,0.0011616,0,0,0,0,0,0,0,0.0011616,0,0,0,0,0,0,0,0,0,0,0,0,0.008131,0,0.0023231,0,0.0011616,0,0.0023231,0,0,0,0,0,0,0,0,0,0,0,0,0,0,0,0,0,0,0.0023231,0,0,0,0,0
0,0,0,0,0,0,0,0,0,0,0,0,0,0,0,0,0,0,0,0,0,0,0,0.0011616,0,0,0,0,0,0,0,0,0,0,0,0,0,0,0,0,0,0,0,0,0,0,0,0,0,0,0,0.008131,0,0,0,0,0,0.0011616,0.0069694,0,0,0,0,0,0,0,0,0,0,0,0,0,0,0,0,0,0.0151,0,0,0,0,0
0,0.013939,0.0011616,0,0,0,0,0,0.0023231,0.02207,0,0,0,0,0.0023231,0.0023231,0.0023231,0,0,0.0023231,0,0,0,0.0046463,0,0,0,0,0,0,0.0058079,0,0.0023231,0.0023231,0,0,0,0.0034847,0.008131,0,0,0,0,0,0,0.0011616,0,0,0,0.0034847,0,0.0023231,0.0046463,0,0,0.0046463,0,0.0069694,0.17656,0,0,0,0,0,0,0,0,0.008131,0.0058079,0.0023231,0,0,0.0046463,0.0046463,0.0023231,0.0151,0,0,0,0,0,0
0,0,0,0,0,0,0,0,0.0023231,0.016262,0.0011616,0.0011616,0,0.011616,0.0023231,0.0046463,0,0,0,0.0034847,0,0,0,0,0,0,0.0011616,0,0.0023231,0.0011616,0.010454,0,0.0011616,0.0023231,0,0,0,0.0011616,0.0023231,0.0011616,0,0,0,0,0,0,0,0,0,0,0,0,0,0,0,0,0,0,0,0,0,0,0,0,0,0,0,0,0,0.0023231,0.0023231,0.0023231,0,0.0023231,0,0,0,0,0.0023231,0,0,0
0,0,0,0,0,0,0,0,0.0058079,0.008131,0.0034847,0.0046463,0,0.0092926,0.0011616,0.0023231,0,0,0,0.0046463,0,0,0,0,0,0,0.0011616,0,0.0046463,0,0.008131,0,0.0011616,0.0011616,0,0,0,0,0.0011616,0,0,0,0,0,0,0,0,0,0,0,0,0,0,0,0,0,0,0,0,0,0,0,0,0,0,0,0,0,0,0,0.0023231,0.0011616,0,0,0,0,0,0.0023231,0,0,0,0
0,0,0,0,0,0,0,0,0,0,0,0,0,0,0.0011616,0,0,0,0,0,0,0,0,0,0,0,0,0,0.0011616,0,0.0011616,0,0,0.0034847,0,0,0,0,0,0,0,0,0,0,0,0,0,0,0,0,0,0,0.0011616,0,0.0011616,0,0,0,0,0,0,0,0,0,0,0,0,0.0011616,0,0,0.0023231,0.0011616,0,0,0,0,0,0,0,0,0,0
0,0,0,0,0,0,0,0,0,0,0,0,0,0,0,0,0,0,0,0,0,0,0.0058079,0,0,0,0,0,0,0,0,0,0,0,0,0,0,0,0.0011616,0,0,0,0,0,0,0,0,0,0,0,0,0.0011616,0,0,0,0,0,0,0,0,0,0,0,0,0,0,0,0,0,0,0,0,0,0,0,0,0,0,0,0,0,0
0,0,0,0,0,0,0,0,0,0,0,0,0,0,0,0,0,0,0,0,0.0011616,0.0023231,0,0,0,0,0,0,0,0,0,0,0,0,0,0,0,0,0,0,0,0,0,0,0,0,0,0,0,0,0,0,0,0,0,0,0,0,0,0,0,0,0,0,0,0,0,0,0,0,0,0,0,0,0,0,0,0,0,0,0,0
